class_id,class_count,class_frequency
0,834975125,0.31105247
1,322681192,0.12020811
2,33569803,0.01250573
3,12533727,0.00466918
4,493759,0.00018394
5,33492214,0.01247682
6,36068909,0.01343672
7,892365221,0.33243195
8,179819140,0.06698785
9,237025513,0.08829888
10,6647439,0.00247636
11,91985804,0.03426738
12,2696714,0.00100460
